Website,Alexa Rank,Backlinks,Domain Authority

refurbisheddellprinters.com,4173963,0,0
beentouch.com,99999999,0,0
dehydratorspot.com,99999999,0,0
newenglandconsortium.org,4714090,0,0
mariamcmahon.com,99999999,0,0
legalandcompliance.com,1522018,0,0
elixirgreens.com,99999999,0,0
winplc.com,99999999,0,0
elixirhairstudio.com,6176879,0,0
myhcl.com,24781,0,0
winplus.com,7092508,0,0
joomlaskins.net,99999999,0,0
legalandcreative.com,3202952,0,0
scottusa-vip.com,99999999,0,0
newenglandcouncil.com,3815449,0,0
carryonline.com,99999999,0,0
adsbow.com,99999999,0,0
tellalinstitute.com,2392923,0,0
newenglandcountryrentals.com,99999999,0,0
tellallyourfriendspr.com,1774646,0,0
